{
  "target_3d": {
    "auc": 0.8945565708172075,
    "brier": 0.052619570706835955,
    "p_at_80r": 0.26519337016574585,
    "val_auc": 0.8886088161084451,
    "n_features": 25
  },
  "target_7d": {
    "auc": 0.8927851903481696,
    "brier": 0.06829785371555479,
    "p_at_80r": 0.272984441301273,
    "val_auc": 0.8563729683490162,
    "n_features": 25
  }
}